Star,Date,Comment
5점,2024년 11월 20일,"대전 용운국제수영장 대회를 마치고 천안으로 올라오면서 둥이1호가 꼭 가고 싶어하던 성심당 본점을 가보기로 했다. 위치도 잘 모르는 상황이라 일단 정오A주차장에 주차, 네이버 지도검색으로 성심당 본점을 찾아가본다. 좁은 골목으로 들어가는 많은 사람들과 차들을 보니 딱 저기가 성심당이구먼. 웨이팅 줄이 겹줄 2줄 정도면 평소 성심당 상황이라면 완전 널널한 것 같아 얼른 서보았다. 

성심당 SINCE 1956
전국적으로 유명한 빵집인 군산 이성당, 전주 풍년제과, 남원 명문제과, 대구 삼송빵집, 목포 코롬방, 마산 고려당, 천안 뚜쥬루에 이어 대전 성심당도 정복하게 되었다..ㅋㅋ 얼마나 많은 사람들이 오면 고객주차장을 지도로 안내해 놓았을까??? 어마어마한 인파를 뚫고 드디어 입장, 매장 안에 있는 사람들만 100명은 넘것다~~~

담고 담고 또 담고 끊임없이 담는 둥이1호, 다 먹을 수 있냐고 하니 두고두고 먹겠단다. 많이 담았음에도 생각보다 가격이 많이 나오지 않은 느낌, 가성비도 괜찮다는 생각이 들었다. 주변에 있는 성심당옛맛솜씨, 카페&그로서리 등도 천천히 구경을 하고, 1시간 무료주차권도 사용하면서 생각보다 기다림없이 잘 다녀왔던 대전 성심당 본점 방문기였다."
5점,2024년 11월 6일,"태어나서 가본곳 중에 제일 기빨렸지만
저렴하고 맛도 괜찮은 편이였다

저렴하다고 막 담다 보니까 두봉지나 나와서
부띠끄는 가보지도 못했다 ㅠ 
사람이 진짜진짜 많았다 ㅋㅋ 계속 들어옴 

비가 조금 왔는데 비닐도 둘러 주심 센스 짱
메아리 너무 맛있고 대전사람들 너무 부럽다……
다음에 대전 놀러가면 또 가야지"
4점,1월 2일,"늘 사람들로 붐비는 성심당이지만 크리스마스와 연말이라 더 많네요ㅠ
늦은 시간에 가서 대부분 솔드아웃이고, 부추빵만 몇개 남아서 담아왔어요.
가성비 좋은 빵집이고, 직원분들도 늦은 시간까지 친절하게 응대해주시네요."
5점,2024년 9월 18일,"대전 여행의 알파이자 오메가인 성심당 본점입니다.
대전 시내에 위치해있고 기차로 온다면 도보로 금방 갈 수 있는거리고, 차를 가져온다면 주차를 하고 와야하는 곳입니다. 주차장은 있다고 하지만 다른 주차장에 주차하고 들렀습니다.

토요일 오후라 그런지 사람이 바글바글하긴 한데 금방 빠집니다. 빵은 정말 눈 돌아갈만큼 다양합니다. 괜히 빵의 성지 소리를 듣는게 아닐 정도로

DCC점을 주로 방문하는데 dcc점이 주차가 편하긴 해도 가짓수는 본점을 못따라 가는거 같습니다. 특히 본점은 케잌부띠끄나 카페같은 시설들이 주변에 밀집해있어서 이곳저곳 한번에 다 들릴 수 있다는 장점도 있네요.

맛은 뭐 당연히 보장되어 있구요. 가격이 유명 빵집 치고 꽤 저렴한게 또 큰 장점입니다. 대전을 또 오기되면 당연히 재방문 예정입니다."
4점,2024년 8월 1일,역시나 평일인데도 사람이 많았어요. 본점인데도 가게 내부 통로가 좁아서 이동하기 조금 불편했어요. 빵은 모든 종류가 다 있어서 모두 맛볼 수 있었어요! 거의 실패없이 다 맛났습니다. 애플 브리치즈 샌드위치는 기대에 미치진 못했어요. 튀소는 많이 사오길 잘한 듯 해요ㅎㅎ
4점,1월 17일,"줄이 엄청나요ㅠㅠ
그래도 생각보다 오래기다리진 않았는데, 안에 들어가서는 줄서서 고르지 않고 원하는 대로 다니다보니까 동선이 좀꼬이긴 합니다
다음 번에는 선물로 구입하고 싶네요"
5점,2024년 8월 14일,"일단 대기가 길다는 것을 예상하고 가셔야 합니다 메뉴는 정말 많아서 생각하고 가셔도 좋지만 원하는 빵이 없을 수도 있으니 가서 고르시는 것도 추천드립니다 충분히 천천히 내부에서 빵을 고르실 수 있고 이곳저곳 다녀도 됩니다
따로 줄을 서며 사지 않아도 됩니다"
5점,2024년 6월 12일,"그 유명한 대전 성심당이다 왜 유명한지 평일이고해서 찾아갔다 생각보다 평일이라 그런가 대기줄까지는 없었다 물론 내부는 손님과 직원들로 꽉차서 정신 없다

일단 빵의 종류도 생각보다 많고 다들 워낙 회전이 좋아서 그런가 상태도 매우 좋았다 이 많은 종류의 빵을 쉼 없이 만들어 대는데 맛을 유지 한다는게 놀라울 정도이다

줄줄이 줄맞춰서 빵을 주워 담고 계산하는데 그리 많은 시간이 걸리지 않는다 그만큼 일사불란하게 직원들이 잘 움직인다
맛있어 보이는 녀석으로 하나 골라서 한입베어무니까 왜 유명한지 알것만 같은 맛이다

씹히는 느낌 달은정도 모두거의 완벽에 가까운 맛이다 이렇게 종류도 많고 계속 찍어내듯이 만드는 빵이 이정도라는게 놀라울 따름이다 가격도 그렇게 막 비싼느낌은 아니다
동네에서 베이커리 간판 걸고 가격만 창궐한 곳은 반성해야한다."
5점,2024년 6월 4일,"# 민호씨 Pick 베스트 베이커리
# 민호씨 Pick 가성비 베이커리

오로지 빵을 사기 위해 대전 오신다는 분들도 있는 정도로 국내에서 가장 유명한 빵집이에요. 당일 만든 빵은 당일에 모두 소진하는 원칙 하에 가격 대비 최상의 맛을 출력합니다. 가격은 P사의 2/3 가격이라고 생각하시면 됩니다.

최근에는 성심당급 맛있는 베이커리들 전국에 많이 생기긴 했지만, 그래도 개인적으로 여기와 군산의 x성당이 근본이라고 생각해요. 찰기나 빵의 속, 과장을 좀 보태서 빵에 사용하는 밀가루부터 다른 것 같습니다. 성심당 인기 메뉴는 아래와 같아요.

튀김소보로 종류ㆍ고로케 종류ㆍ명란바게트ㆍ순수롤ㆍ보문산메아리ㆍ오보름달ㆍ탁순희빵ㆍ토요빵ㆍ카카오순정ㆍ키다리트위스트ㆍ잠봉뵈르ㆍ부추빵 등. 그리고 달아보이는 모든 것이요!

대전에서 기원한 정체성을 유지하기 위해 프랜차이즈를 두지 않으며, 기부와 취약계층 나눔활동 등 오랜 시간 지역사회 공헌한 바는 갓나온 빵에 온기를 더합니다.

- 참고할 만한 사항
1. 노상 주차가 불가하니 자차 방문이신 분들은 ‘현대주차장’이나 ‘우리들공원주차장’을 이용하세요.

2. 망고시루 같은 케익은 여기서 팔지 않고 케익 부띠끄로 가야 살 수 있습니다.

3. 언제가도 웨이팅이 길다고 봐야 해요. 시간적 여유를 갖고 방문하세요."
4점,2024년 6월 1일,"주말 낮에 방문해서 웨이팅이 길었어요. 줄은 길지만 빠르게 줄어들어서 20-30분 정도 기다린 것 같아요. 소진된 빵이 많아서 아쉬웠고, 가게 내부에 사람이 많아 혼잡한 점이 아쉬웠어요. 그래도 빵 종류가 다양하고 저렴해서 다음에 다시 방문할 것 같아요. 사온 빵 다 맛있었습니다!"
5점,1월 11일,성심당 빵 처음 이용해봤는데 진짜 너무 맛있어요 ㅜㅜ 명란바게트빵이 최애빵입니다!!!! 넘 맛있어요 다른빵도 평타이상이었어요!!
5점,2024년 12월 6일,"성심당 빵이 계속 먹고싶었는데 임산부 프리패스로(민증,확인서 또는 산모수첩)덕분에 바깥줄 안서고 바로 입장해서 빵 샀어요~ 가격도 착하고 맛있어용"
5점,2024년 8월 4일,성심당 본점 테라스키친 방문했습니다! 금요일 오후2시쯤 갔는데도 대기 1시간 이상 걸렸습니다! 전설의팥빙수 가격이 6000원인데 비해 양 많고 정말 팥이 맛있습니다! 팥추가까지 해서 먹었네요 ㅎㅎ
5점,2024년 9월 4일,"본점답게 손님이 엄청 많아서 정신이 하나도 없지만 생각보다 줄이 금방 빠짐
빵 종류가 많고 유명한 것도 거의다 재고가 있다
많이 구매해도 가격이 부담스럽지 않고 맛있어서 만족!"
4점,2024년 9월 1일,"웨이팅 15분정도 하고 들어간 것 같아요.. 더워서 힘들었지만 센스 있게 에어컨이랑 우산이 있어서 좋았어요
전체적으로 가격 저렴하고 맛있어요
명란바게트가 제일 맛있는 것 같아요!"
4점,2024년 3월 17일,"주말이라  20-30분 기다렸구요 생각보다 사람은 금방빠지고 금방 들어가는데 매장안에 사람이 무진장 많아서 잘못하면휩쓸리거나 넘어질수도있을것같습니다
빵은 대전사는 친구가 골라줬는데 성심당은 화려한 빵보다 기본빵 밥빵이 맛있다고 하더라구요 단걸 좋아하시지않으면 심플한빵을 고르셔도 될듯합니다
빵이 쫜득하고 야무지게 맛나고 가성비가 끝내주지만 한입먹자마자 천국으로 승천까진 아니니까 관광명소 들린다는 생각으로 가셔요!!"
5점,2024년 11월 28일,건물 외관도 너무 예쁘지만 안에 들어가자마자 향긋한 빵냄새로 인해 지갑을 열게 됩니다... 너무 맛있어요 이번주만 두번째네요
4점,2024년 3월 4일,"1시간 가까이 줄 섰고 매장안에서도 인산인해였는데 직원분들 다 친절하시구 빵도 너무너무 맛있더라구요...sns추천 다 의미없어요 무슨 빵을 집어도 다 맛있어요 행복해짐 ㅠㅠ 다만 한가지 아쉬운 점!! 내부에 따로 줄이 없고 그냥 먹고싶은빵 집어서 카운터로 가라고 안내해주셨는데 주말, 공휴일처럼 사람 많은 날엔 차라리 줄이 있었으면 좋겠다 싶었어요. 야키소바,브리치즈샌드위치 앞에서 사람들이 대기타느라 저절로 줄이 생겨 앞으로 나갈 수가 없더라고요ㅠㅠㅠㅠ 야키소바빵은 구경도 못하구... 아쉽. 그래도 산 빵들 다 맛있어서 행복~~만족~~"
5점,2024년 3월 1일,"성심당 본점은 매우 큰 건물의 포스와
바깥으로 줄서는 라인과 펜스가 있어
바로 알아볼 수 있었다.
여기가 롯데월드 매직아일랜드인지 대전인지
살짝 구분 안될때쯤 입장했는데
그 안은 지옥이 따로없었다.
(실제로 매장 앞에서 예수턴국불신지옥
지라시를 나눠주는 의문의 영감님 계셨는데
그분도 성심당 다녀와보신게 분명하다는게 정설)
약간 출근길9호선처럼 사람들이 빽빽한 와중에
그들의 의지도 매우 강하다.
빵 고르는것은 줄서지않아도되고 계산대는
빌때마다 그때그때 마이크(?)로 안내해주시는데
질서정리에 크게 도움이 안되는듯했다. 
하지만 빵을 사려는 사람들 모두 행복해보이고
부딪히거나 사고 안나게 서로 매너도 지키고
새치기도 안하려 하고 알아서 피해 안주려고
하는 모습이어서 그날 본 대전 시민들(?)
꽤 멋있다 생각했었고
빵은 하루지나서 먹었는데도
모든종류가 맛있었다… 
그날의 생지옥을 떠올리면
다시는 가고싶지않지만 빵때문에라도
한번 더 가고싶은 곳."
5점,1월 9일,유명한 대전의 성심당입니다. 주말에 인파가 대단합니다. 빵은 다 맛잇고 가격도 저렴합니다.
5점,1월 6일,야끼소바 빵 기대 안했는데 너무 맛있어요 ㅠ 이 가격에 이 맛이 가능하다니 .. 성심당 최고
5점,2024년 11월 21일,"평일 수요일 오전에 갔는데도 줄이 많아서 당황함
가성비 좋고 전반적으로 빵 다 맛있음
야끼소바빵은 약간 달달했음"
5점,2024년 2월 1일,"시간이 영 안나서 저녁 9 시 반 정도에 갔더니 저게 사실상 다더라구요. 아쉽지만 마감시간 전에 조기 마감하는 빵집도 많은데 마감 직전까지 최대한 판매해주시는 것만으로도 감사합니다 ㅎㅎ 성심당은 의외라면 의외(?)의 비건빵 찐맛집이라는 것을 아실까요? 외부 일정이 많아 집에서 식사할 일이 적을 것 같아서 많이 사지는 못했지만, 성심당 기본빵 종류와 비건빵 정말 너무너무 맛있어요. 다만 아쉬운 것은 고로케 류처럼 내부에 이것저것 들어있는 빵들은 채식인으로서 먹을 수 없는 것들이 많아서 아쉬워요. 이미 수많은 빵을 내주시고 있는 곳이라 더 바라도 되나 싶으면서도 베지테리언이나 비건 버전으로도 내주셨으면 하는 마음입니다. 구매시 주차 가능해요!"
5점,2024년 11월 30일,"가족 생일이라 케잌사러 방문했슙니당 
대전인으로써 수많은 성심당 케잌 먹어봤지만 치즈케이크 진짜존맛!"
4점,2024년 12월 18일,빵종류가 다양하고 가격도 저렴해서 너무 좋음. 사람이 많지만 빵이 맛있어서 다 용서됨.
5점,2024년 11월 26일,"맛있다. 
좋은 기업을 넘어 위대한 기업으로 알려져있다보니
욕심껏 빵을 사도 죄책감이 들지 않는다."
4점,2024년 1월 16일,"월요일 오전 11시 기준 웨이팅 없었고 1시쯤 두 번째 방문했을 때는 5분 정도 웨이팅 있었지만 대체로 금방 들어가는 것 같습니다
 찾는 빵이 없으면 나오는 데에 시간이 걸리는 것 같고 준비된 빵은 바로바로 채워주십니다.
소보로 중에서는 개인적으로 고구마가 제일 맛있는 것 같고 달달한 거 좋아하시면 먹물방망이 추천드립니다."
5점,1월 10일,평일에도 사람 진짜 많은데 그만큼 정말 맛있습니다!! 가성비 대박이에요~
5점,2024년 12월 28일,사람이 진짜 많기는 해요 그래도 저렴하고 맛있어서 늘 가는 곳입미다
5점,2024년 4월 1일,"작은메아리 사러 갔지만
본점에 없었던 건 안비밀 ㅎ
아묻따 작은메아리는 필수 
명란바게트도 최고👍 
이거 두개만 사도 맛도리 정복성공-☆
아아 김치주먹밥도 존맛!!
대전역점에는 빵 재고가 더 많아요^^"
5점,2024년 11월 24일,"가성비 좋습니다
페스츄리 샌드위치 만족입니다 
맛있습니다
사람 많습니다"
5점,2023년 11월 15일,"주말이라 사람이 많을 것이라 생각했지만, 많아도 너무 많아서 놀랐답니다! 3-40분 정도는 밖에서 기다린듯하네요! 

빵 만드는 곳이 통유리라 밖에서도 훤히 보여서 믿고 먹을 수 있다는 신뢰를 준답니다! 

안으로 들어가면 순서대로 빵을 구매하는 것이 아니라 자율적으로 먹고싶은 빵을 고르고 결제할 수 있는데요. 

장점은 먹고 싶은 빵을 먼저 고를 수 있고, 재고가 부족하면 리필도 거의 바로바로 되기 때문에 회전율이 좋아서 사람들이 금방 사고 나가요!
단점은 사람이 너무 많이 한 번에 들어와 있어서 구매하는 것과 결제하는 것도 어려워요!  손님을 조금만 적게 들여보네주면 더욱 좋을 듯합니다! 

주차는 골목에 빈 곳에 하거나, 우리들공원주차장, 성심당 전용 주차장, 현대주차장이 있으니 방문 시 참고하세요!"
5점,2024년 10월 27일,말뭐 성심당... 주말이나 공휴일에는 30분 정도 웨이팅은 생각하고 가야 한다.
5점,2024년 4월 17일,"서울사는데 성심당 들르러 기차타고 방문했어요 ㅋㅋㅋ
성심당 본점은 항상 웨이팅이 많고 내부도 복잡하긴 해요
그렇지만 그만큼 빵이 맛있고 가격도 저렴해요!
초코튀김소보로는 꼭 드세요!!"
5점,2024년 6월 18일,"저렴한 가격에 다양한 빵을 보는 재미가 있는 성심당
워낙 기부도 많이하고 좋은일을 많이 하는 곳이라 소비하면서도 기분이 좋다
사람구경하는 재미가 있다"
4점,2023년 11월 8일,"대전하면 뭐다? 성심당이다!
성심당 골목에 들어서면 삼성타운 저리가라의 압도적 느낌을 받아요.
가성비 괜찮은 빵. 케익들  중 뭐니뭐니해도 튀김소보로가 짱.
바로 먹어야지 식으면 맛 없어요.
팥소가 좀 달아요. 조금 덜 달앟음 좋겠어요.
 고구마 보다 팥이 맛있음.
그리고, 왜 유명한지 모르겠는 부추빵. 이건 두번은 안 시켜요.
나머지 빵들도 다 먹을만 합니다."
4점,2024년 11월 1일,주말아침에 갔더니 대기 15-20분하고 들어갔어요~ 튀김소보로 맛있어요.
5점,2024년 2월 18일,"성심당은 대전의 관문인 대전역에서 멀리 떨어져 있지도 않고, 대전 외의 지역에 체인을 출점하지도 않는다. 대전의 자존심이자, 대전의 첫인상이 성심당이다. 대전사람들의 자부심을 온전히 느낄 수 있는, 그런 곳이다."
5점,2024년 11월 1일,전투적으로 빵을 담아본 건 처음이었는데 맛있는 빵들로만 잘 담아왔다.
5점,2024년 9월 3일,"평일이라 웨이팅은 짧았으나 북적북적
맛있고 빵종류 많음
키친에서 저렴하게 빙수와 음식을 먹을수 있음"
5점,2024년 2월 21일,"본점을 방문해서 그런지 줄이
굉장히 길고 사람도 많았지만
대기 줄 관리를 직원들이 잘 하셔서 줄은 금방 줄얶는 것 같아요(주말기준)
30분정도 대기하면 입장 가능

가격이 굉장히 착하고 맛도 너무 좋습니다"
5점,2024년 11월 10일,무화과가 정말 한가득 올라가고 크림이 진짜진짜 맛있어요!
5점,2024년 10월 2일,너무너무 혜자스럽고 맛도 훌륭합니다. 가격까지 저렴하니 안 갈 이유가 없음.
5점,2024년 9월 6일,"대전하면 성심당
성심당하면 대전
대전여행에서 꼭 추가했어요
유명한 이유가 있네요 강추해요"
5점,2024년 7월 3일,성심당 주차장이 있었지만 모르고 유료주차장을 이용했어요ㅠ 다들 무료주차장 꼭 확인하시고 맛있는 빵들 잔뜩 사시길 바라요!!
4점,2024년 5월 20일,"가격 착하고 오픈런 하니까 빵집은 웨이팅 없이
들어갔는데 부띠크 케익은 사진속 줄 보이시나요? 07시 50분 경 찍은 사진인데 웨이팅 난리나요…"
5점,2023년 10월 2일,"소보로를 좋아하지않아 다른 빵들 먹었습니다. 잠봉뵈르.. 바게트가 많이 질겨요. 사진엔 없지만 '김치치즈주먹밥' 맛있습니다 . 그냥 먹어도 맛있고 에프에 돌려먹어도 맛있습니다. 부추빵은 에그마요때문에 느끼해서 별로 맛없어요ㅠㅠ 명란바게트 짭쪼롬해서 맛있습니다. 본점 위로 올라가서 빵 먹을수 있어 좋아요. 위에서도 웨이팅해야되지만 시원하게 할수있어 좋아요. 전설의팥빙수랑 딸기빙수, 패션후르츠에이드 맛있어요. 오므라이스랑 치킨까스오므라이스도 맛있습니다."
5점,2024년 5월 1일,입구 앞에 웨이팅 줄이 4줄이었는데 생각보다 빨리 빠졌고 베이커리 내 직원들이 많아서 손님들 다 케어해주고 친절하셨어요 이래서 성심당 성심당 하나봐요
5점,2024년 1월 9일,"집에서 성심당까지 오는데 3시간 걸려서 도착하니
주변 길거리에 사람들이 성심당 종이가방 하나씩은 들고있었어요 ㅋㅋ
전체적으로 빵이 싸고 정말 맛있어서 다음에도 방문예정👍👍
성심당 ☺️ 인기 많은 이유가 있네요ㅎㅎ"
5점,2024년 9월 1일,사람 너어어어무 많아져서 부띠끄보다 오래 기다렸어요ㅜㅠ 명란 바게트 자꾸 품절남
5점,2024년 5월 26일,대한민국 3대 빵집이랍니다. 빵맛은 그냥 좋다고 할 정도고 줄이 엄청 납니다. 20에서 30분 기다리는 건 보통인 것 같아요.
5점,2024년 8월 31일,"말해모해 성심당 빵
너무 맛있어요 주말 오전에 가면 별로 안기다릴수잇어요"
5점,2024년 7월 9일,빵 고를 때는 전쟁통이 따로 없어요 그치만 평균 이상의 빵들을 가성비 좋게 먹을 수 있습니다!
5점,2024년 3월 6일,"주말이라 사람 정말 많았습니다 .. 그냥 고민할 시간없이 잡으면 사고 지나치면 못 사는 구조 ..! 부추빵, 튀소가 가장 베스트 메뉴인 이유가 있는 것 같아요 !"
5점,2024년 8월 26일,웨이팅이 길지만 애플샌드위치가 매우 맛있었다. 가격도 합리적이다.
5점,2024년 3월 26일,"대전하면 성심당이죠
가격도 착하고 빵이 다 맛있어요!
맛없는게 없네요ㅠㅠ 집근처라면 맨날 갔을거 같아요
사람많아도 금방금방 구매할 수 있어서 좋아요"
5점,2024년 6월 15일,진짜 가성비 대박 빵집입니다 대전에만 있을게 아니라 우리동네에도 있으면 참 좋겠다라는 생각이 드는 빵집
5점,2024년 4월 15일,"대전가면 꼭 방문해야 할 성심당 
주말아침 일찍 방문햇어도 웨이팅이 넘 많았어요 하지만 전반적으로 빵은 너무 맛있엇어요 튀김소보로👍👍"
5점,2024년 7월 31일,대전하면 성심당이죠! 성심당에서는 초코소라빵 말고 다른거 많이 먹어봐요!
5점,2024년 6월 19일,주말에는 늘 웨이팅이 있어서 여름에 웨이팅하면 힘들어요 그래도 빵은 정말 맛있고 가성비 좋음
5점,2024년 6월 4일,엄청 복잡했는데 그와중에 질서가 있어서 빠르게 구매할 수 있었어요 맛도 좋은데 가격이 너무 좋아요
5점,2024년 6월 1일,줄이 길지만 빨리 줄어서 오래 기다리진 않았어요 빵은 역시나 다 맛있네요 가격도 싸고 아주 좋아요👍
5점,2024년 5월 7일,주말 아침이라서  줄 20분정도 서서 들어갔습니다 사람 진짜진짜 많아요.. 그래도 잠봉뵈르 꿀맛이었습니다!
5점,2024년 8월 4일,사람이 너무 많아서 정신없지만 명란바게트가 아주 좋습니다
5점,2024년 6월 7일,여길 위해 대전을 왔고 웨이팅 하고 들어갔지만 그럼에도 너무 만족스러웠던 성심당!
5점,2024년 2월 16일,대전 본점은 빵이 다양하나 사람이 많아서 기빨려요.. 맛있는 빵을 가지기 위해서는 롯백 백화점을 가세요….. 본점응 사람이 많기 때뭉에용..!
5점,2024년 5월 1일,"성심당의 모든 빵이 다 맛있는 것 같고, 가격도 요즘 물가에 착한 것 같아요. 오래오래 함께해요:)"
5점,2024년 4월 1일,드디어 와봤는데 오픈런 하니까 줄 길어도 오분만에 들어갔는데 안에도 바글바글하네욬ㅋㅋㅋㅋ자제해서 담아서 저정도예오
5점,2024년 10월 23일,
4점,2024년 5월 16일,대한민국 1등 빵집 성심당. 소보로 안에 단팥을 넣고 튀겨버리면 맛이 없을 수가 없지.
5점,2024년 6월 1일,성심당은 믿고 먹는 것 같아요! 가성비도 좋고 맛있어서 종종 들릅니다 ㅎㅎ
5점,2023년 9월 11일,"대전의 자랑 성 심 당..
여길 이제서야 가보다니 진짜 후회되네요
여름에는 줄 서는 곳에 양산을 배치해줘서 머리 안뜨겁게 기다릴수있구요. 빵도 품절이어도 5분 뒤면 금방 리필돼서 나와요.
제발 보문산메아리 드셔주세요 진짜 개개개맛있음 페스츄리가 바삭해요ㅠㅠ
소금빵도 맛있고 타이거 브레드도 의외로 선두주자임 크림치즈가 낭낭한게 맛있더라구요"
5점,2023년 6월 7일,"“대전의 A to Z”

성심당으로 시작해서 성심당으로 끝나는 대전. 그 명성답게 빵의 종류부터 셀 수도 없고, 가격 후려치는 프랜차이즈 빵집 가격에 비해 너무 혜자다.

성심당은 튀소, 고로케류, 크림이 안들어간 베이직 빵류가 제일 맛있습니다.
보문산 메아리, 보문산 작은 메아리 강추"
3점,2023년 5월 1일,기대 이상으로 맛있었어요 ㅎㅎ 제가 상상한 튀심 소보루 맛은 달고 느끼한 그런 맛이였는데 생각보다 달지 않고 튀겼다기에는 느끼하지 않았어요ㅎㅎ 오히려 튀겨서 소보루 부분이 더 바삭했습니다. 요즘 물가 치고 가격도 매우 저렴했어요!  사람이 너어어어어무 많아서 웨이팅 필수인데 금방금방 빠졌습니다. 계산하기도 너무 복잡하네요ㅜ명란바게뜨가 궁금했는데 품절로 먹지 못했어요. 원하시는 빵이 있다면 미리미리 가서 주문하셔야 할 것 같습니다. 맛있나는 평이 많아 사람들이 오바하지 않나 생각했는데 맛있네요 ㅎㅎ 꼭 방문해보시기 바랍니다! 추천!!
5점,2023년 2월 14일,"두말할 필요 없이 전국 빵집중에서 가장 유명하고 가장 맛있는 성심당입니다

개인적으로 추천드리는 졸맛은 
역시 튀김소보로와 고구마 튀김소보로 입니다

하지만 이건 기본적인 맛이고 그거 외에 꼭 드셔보셔야하는 숨은 빵을 소개드릴게요


브리치즈샌드위치 강력 추천드립니다 이거 정말 신선하고 진짜 바게트도 부드러워요 

명란바게트는 진짜 적절히 짠맛이랑 빵이랑 어우러져서 미쳤습니다

소금빵도 가성비 넘 좋아요

부추빵은 계란이랑 섞여있어서 뜨겁게 먹어야 진짜 찐맛이 우러나옵니다

딸기튀소 진짜 대존맛입니다 이건 꼭 드셔보세요

웨이팅도 아무리 길어도 회전율이 빠르기 때문에 30~40분 기다리시면 들어가실 수 있어요"
5점,2022년 11월 11일,"공영주차장에 주차가 가능하고 
만원이상 구매시 주차권을 제공한다. 

너무 정신이 없어서 빵만 사고 
빨리 나오고 싶은 곳. 
그렇지만 직원분들도 바쁜와중에
친절하시고 빵가격도 완전 좋은 편! 
맛있고 전체적으로 만족스러웠다. 
명란바게뜨 순크림빵 소금빵 
김치삼각주먹밥 추천"
5점,2022년 11월 1일,"언제나 북적이는 대전명물 성심당
유명한 튀김 소보로, 부추빵 이외에도 샌드위치 맛집이라길래 이것저것 다양하게 담아봤는데 정말 가성비 넘치는 가격에 반미 샌드위치 강추! 명란 바게트도 추천 =) 계산줄이 어마어마하지만 빵 가격도 착하고 대전가면 무조건 방문해야하는 빵집이다"
5점,2022년 6월 25일,대전 그 자체인 성심당에 방문함. 대전 사람들이 사주는 성심당 빵은 많이 먹어봤지만 항상 튀김소보루이기 때문에(초코튀소. 튀소. 부추빵. 고구마튀소 등) 튀소 외의 빵 맛이 궁금하여 방문했음. 튀소 외에도 많은 종류의 빵들이 있었고 사람이 매우 붐비었음. 명성이 높으면 가격도 같이 높은 경우가 많은데 성심당은 명성에 비해 가격이 아주 착함. 빵 5종을 구매하였는데 10700원 밖에 안 나와 깜짝 놀랐음. 걸어서 3분 정도 거리의 우리들공원에 1시간 무료주차도 가능하기 때문에(최대 2시간) 매우매우 가성비가 좋다고 생각 됨. 무료 주차권은 성심당에서 만원 이상 빵 구매시에 카운터에 달라고 요청하면 줌. 가격이 매우 착해서 빵 맛은 기대하지 않았지만 포장해 온 빵을 먹어보고 왜 대전에서 성심당이 그렇게나 유명한지 알 수 있게 되었음. 비싸고 안 좋은건 있어도 싸고 좋은 물건은 없다는데 성심당에는 그 말이 통용되지 않는 것 같았음. 가격도 착한데 빵 맛도 매우 상타치임. 다음에 또 대전에 가게되면 재방문 의사 100%임.
5점,2022년 4월 13일,"성심당,,, 내가 가보고 먹어본 빵집중에 제일인 것 같다! 일단 가격부터가 넘사벽.. 다른 빵집들보다 좋은 재료를 쓰는 것 같은데 가격이 너무 착하다. 아무리 열심히 담아도 30000원 넘기가 힘들다. 물론 맛도 대부분 평타 이상! 성심당 때문에 대전에 눌러 살고싶다.
물론 다른 맛있는 빵집들도 많지만,, 이 퀄리티 이 가격 못 잃어~~

제일 놀랐던 건 이번에 샌드위치 첨 먹어보는데 브리치즈 샌드위치? 이거 진짜 맛있다,. 속재료도 맛있고 비주얼도 최고지만, 무엇보다 빵이 맛있다는 것!! 남자친구도 빵자체가 맛있다며 순삭했다. 이 크기에 육천원밖에 안하다니,, 맛은 사과잼 때문인지 이삭토스트맛 비슷한 것 같은데 빵퀄리티가 달라서 더 고급진 맛이다!

뭐 튀소구마는 이미 합격이고, 찹쌀도넛은 천오백원이었는데 그 시장표 찹쌀팥도넛인데 팥이 너무 맛있었고, 피가 쫀득해서 좋았다! 파리바게트와 비교하자면 파리바게트는 팥양이 터무늬없이 많아 좀 퍽퍽한 느낌이라면 여기는 비율을 참 잘 맞춘 느낌이다! 마싯서!!

다른 빵들도 무수히 많이 먹어봤지만 성심당에서 웬만해서 실패하기란 쉽지않다. 시도도 ok. 다들 취향껏 빵생활하셨으면 좋겠다.

아 그리고 크림처돌이들은 순크림빵 꼭드세요 제발. +땅꼬마크로와상도 맛있었는데 왜 단종된거지,,,☹️

+명란바게트는 명란이 생각보다 그득그득함.. 빵맥이 왜있는지 알겠던.. 존맛탱"
4점,2021년 10월 18일,"대전성심당 본점을 갔는데... 웨이팅이 엄청길어서 오래걸리겠다 생각했지만?  예상외로 사람이 빠르게 빠져나가 놀랐고.

내부에 빵 종류가 50가지도 넘게 있어 빵순이. 빵돌이는 기분좋게 무엇을 먹을까 고민하는 곳.

대표적으로 튀김소보로가 맛있다고 하는데. 객관적으로 기름이 많이 묻어있는 그런 맛? 으로 추천하지는 않음. 

새우고로케는 약간 매운 맛이 있어 아이들 먹기에는 불편할것 같응.

블랙까망베르 빵은 내부 치즈가 맛있음"
5점,2021년 7월 4일,"대전의 유명한 빵집 성심당 드디어 다녀왔습니다.
성심당 하면 흔히 튀김소보로를 가장 많이 떠올리는 게 일반적이고 저도 그랬었는데, 막상 가서 보니 튀김소보로 이외에도 빵 종류가 너무나 다양했습니다.
이번에 처음 간 거라 허겁지겁 고르느라 빵 이름도 제대로 못 보고 골랐는데, 다음에 가면 빵 하나하나 맛 보고 싶네요. ㅎㅎ

2만 원 조금 덜 되게 골라서 포장해 왔습니다.
개인적으로는 부추빵이 참 맛있었는데, 이 빵은 분명 호불호가 갈릴 만한 맛이긴 한 것 같습니다.
성심당에 고구마튀김소보로(?)도 많이들 추천하시던데 다음에는 고구마튀김소보로 먹어보려고 합니다."
5점,2021년 5월 31일,"성심당은 다른 지역 유명 빵집들과 비교했을 때 새로운 메뉴를 가장 많이 만들어내는 곳인 것 같다. 명문제과, 코롬방제과, 이성당 등은 시그니처메뉴를 주로 팔고 나머지 메뉴들은  서브같은 느낌이라 시그니처 메뉴가 없다면 굳이 가고 싶지 않은 곳인데 성심당은 시그니처메뉴(튀김소보루)없어도 갈 곳이다.
사실 튀김소보루는 내 입엔 별로다.
근데 여기서 파는 명란바게트, 나비파이, 각종 샌드위치 등은 너무너무 맛있다. 
나도 성심당세권 살고 싶다"
4점,2021년 4월 27일,"대전에 연고가 있어 갈때마다 친정엄마가 사오라고 했던 성심당. 저희 어머니는 무조건 퉈김소보루 12개 짜리 사오라고 하실만큼 좋아하세요.
이젠 기업이죠. 은행동에 크게 빵집, 부티크, 선물용만 파는 매장까지 크게 있고요. 1만원 이상 주문하면 주차 무료. 토요일 오후에 보니, 주차장이 2개임에도 주차장 입구부터 줄이 깁니다.
빵 만드는 과정도 보이고, 좋아요. 무엇보다 가격과 구성이 좋습니다. 샌드위치 종류는 일반 프렌차이즈 매장보다 천원에서 1500원 저렴하며 6천원대는 크기나 들어있는 내용물 자체가 달라요.
 10년전만 해도 튀김소보루, 명란바게트, 부추빵 빼고는 그냥 그랬는데, 종류도 많이지고, 맛있는 아이들도 늘었네요.
브리치즈 샌드위치 먹었는데 사과 들어있고 살구쨈인지 잼으로 단맛을 내서 좋았습니다. 불낙고로케도 별미이고, 소시지빵에 토핑이 사라다처럼 안에 숨어있더라고요. 전반적으로 만족스러운 맛이었습니다."
4점,2020년 2월 26일,"대전의 명물 성심당입니다.

원래 성심당에서는 시식을 크게 썰어줬던 것 같은데,요즘은 아무래도 마스크 착용이 필수인 시기다보니 시식은 하지 않는 듯 합니다.

최애는 부추빵! 부추의 향과 안에 들은 고기, 그리고 안의 속으로 인해 살짝 촉촉한 빵의 조화가 좋아요. 한번에 몇개씩 집어먹을정도로 맛있어요!

그리고 명란바게트도 함께 샀습니다. 명란이 들어간 음식 중, 명란이 잘 느껴지지 않는 것도 꽤 있는데 여기는 명란이 자기주장이 아주 강합니다! 입안에 넣자마자 명란의 향과 맛이 잘 느껴져요. 빵도 딱딱하지않고 바삭하고 안은 부드러워서 좋습니다. 다만, 비린 맛을 싫어한다면 조금 비추!"
3점,2019년 12월 16일,"대전하면 성심당이 유명해서 먹으러 가본 곳
부추빵이랑 튀김소보로 크로와상 초코크로와상
(가운데는 잘 기억이 안남..) 매장 규모도 엄청 크고 빵공장처럼 직원들이 안에서 빵을 계속 만든다
계산하는 속도도 엄청 빨라서 기다리지 않고 바로 구매가 가능했다
크로와상은 누구나 아는 평범한 맛이었고(맛있음)
튀김소보로는 튀겨져서 많이 느끼했다..
부추빵은 만두속을 빵에다가 넣은 맛인데 구지 만두를 안먹고 빵을 먹어야하나 싶은 맛이었다..
전체적으로 신기해서 먹어볼맛이었지만 두번은 안사먹을 것 같아서.. 실망을 많이 했음"
4점,2018년 5월 26일,"튀소 먹어볼만 제법맛나고(특히 고구마 든거 좋음-그치만 단거 싫어하면 비추), 부추빵은 개인적으로 별로(만두싫어함)였음! 보문산 메아리 아침에 커피와 먹기 좋음! 페스츄리 같은 느낌! 명란 바게뜨 먹어봤는데, 짭쪼름 제법 맛남. 곡물 호밀빵 류도 제법 괜찮음! 먹는 재미 쏠쏠 주차권도 한시간 무료! 대전역에서 도보 대략 15~20분거리정도니(대전역 안에도 주요 빵들은 다 팔음) 들러봄직할듯!"
5점,2017년 6월 25일,"빵이 맛있습니다. 먹어보면 재료값을 아끼지않고 성심을 다해 빵을 만든다는 생각이 들었습니다. 튀김소보루가 유명하지만 개인적으로는 천연효모빵인 노아레즌을 추천합니다. 첨부한 사진 중에 잘게 잘라진 빵인데, 건포도, 호두 등이 들어가서 식감이 참 좋아요. 그밖에도 뺑드깜빠뉴(첨부한 사진 중에 커팅 안된 빵) 보문산메아리, S브레드, 미스터홍도 맛있습니다."
5점,2024년 1월 7일,주말 오후에 갔는데 생각보다는 대기가 빨리 빠져서 기다릴만했어요. 빵은 무엇하나 맛 없는게 없고 개인적으론 튀김소보로와 애플브리치즈가 정말 맛있었어요.
4점,2020년 2월 22일,"타지에서 소문 엄청 듣고 대전 놀러간 김에 들려서 대표메뉴 튀김소보로,튀소구마(튀김소보로+고구마) 먹어봤습니다. 소문 듣던대로 튀김소보로 너무 맛있어요...튀김이라 그런지 엄청 바삭하고 안에 팥앙금도 엄청 달달...꼭 드시길 추천드립니다 다음에는 부추빵도 먹어볼려구요"
5점,2024년 1월 10일,대전의 자랑 성심당 첫 방문하다..! 평일 낮인데도 사람이 많았다 역시 성심당.. 잠봉뵈르 너무 맛있었다.. 명란 바게트도 대전에 살고 싶어짐
5점,2024년 6월 10일,대전 시민들이 부러워지는 저렴하고 맛있는 빵들이 가득했어요.
4점,2024년 2월 13일,"대전 하면 유명한 성심당 빵집 
너무 유명해 사라이 바글바글  빵종류도 어마무시   맛은 있지만 너무 복잡 해서 힘들었어요"
5점,2024년 5월 17일,"대전에서 유명한 곳 들러봤어요
빵 진짜 맛있고 가격도 착해서 좋았어요"
5점,2024년 2월 1일,사람들 진짜 많아서 가기 전에 살 거 메모해둬야 함 2층은 산 빵이랑 디저트 먹을 수 있는 카페인데 무난하게 맛있음
5점,2024년 3월 31일,빵 종류가 많고 가격이 정말 저렴해서 좋아요!! 줄도 금발금방 빠집니다
5점,2024년 3월 11일,웨이팅 줄은 평일인데도 길었지만 엄청 빨리빠지고 계산줄도 금방금방 빠졌습니다 !
5점,2018년 10월 21일,"사람이 벅적벅적 많은데도 나름 체계도 잘 잡혀있고, 그리 오래 기다리지 않아도 되서 좋았어요.튀소는 예전에 포장해와서 먹었었는데, 바로 먹었을 때보다 맛이 떨어져서 다른 빵만 사왔어요. 이번에 명란바게트 사왔는데 순삭!  맛있어요."
5점,2024년 2월 3일,"요즘 빵 값 넘 비싼데 저렴해서 좋았어용
맛도 진짜 보장된 맛! 유명한 데는 이유가 있더라구요"
5점,2024년 2월 27일,진짜 사람 너무 많고 정신없지만 빵의 가성비가 좋아서 이해가 가는 집
4점,2024년 2월 20일,성심당은 그냥 진리! 한바가지 담았는데 삼만원 나온거 보고 반해버리는 곳
5점,2023년 10월 9일,붐비는걸 피하려고 오전에 일찍 갔더니 찾는 빵이 없었어요ㅠㅠ 2층에서 기다렸다가 다시 내려갔더니 금세 사람이 바글바글!! 빵은 정말 최고였습니다!
5점,2023년 10월 1일,대전 명물 성심당 소보루빵부터 해서 다 완전 맛있었어요 처음 가봤는데 평일 점심시간대 였는데도 사람 진짜 많고 유명한 스팟이라 빵지순례 다녀왔습니다!
5점,2017년 7월 15일,왜 수요미식회 나왔는지 알겠습니다.. 진짜 빵 다맛잇고 튀김소보로는 갓 나올때 따뜻할때 먹어애 진짜 맛잇어요. 튀김소보로 줄이랑 계산 줄이랑 헷깔리지 마시기루ㅜ 부추빵도 진짜 맛있었습이다 대전가면 꼭 들려야할곳
5점,2023년 12월 1일,"대전 최고의 명물... 괜히 다들 오는 곳이 아니다, 이 시간에?하는 데도 사람들도 많은데, 튀소는 역시 튀소"
5점,2024년 2월 17일,만원 사면 주차 1시간 무료이고 무엇보다 빵이 싸고 넘 맛있어요!!
5점,2024년 1월 19일,대전에 가야만 먹을 수있는 성심당 빵! 오랜만에 튀김소보로 먹고 너무 행복했어요
5점,2022년 4월 1일,대전의 명물다운 성심당입니다 빵종류가 굉장히 다양하고 무엇보다 가격이 저렴해서 좋아요 15개를 샀는데도 3만원이 되지않는 가격 굉장히 칭찬합니다 위생관리도 잘되고있고 재료하나하나 만들어서 더맛있는듯해요
5점,2024년 2월 23일,빵 종류가 다양하고 무엇보다 가격이 저렴해서 좋았습니다
4점,2022년 12월 5일,"성심당 본점 2층으로 올라가면 성심당에서 운영하는 식당이 있어요 거기서 성심당에서 산 빵 먹을 수 있습니다!
빵 가격도 착한데 식당에서 파는 음식 가격도 엄청 싸더라구요 대전은 미식의 지역인가봐요"
5점,2020년 3월 16일,빵들이 대체적으로 다 맛있었구요. 다만 사람이 너~~무 많아서 박터져요 구경하는 맛도 있긴하지만 구경을 많이 하니 그만큼 위생은 의심돼요 침튀기거나? 빵은 처음보는 생소한 종류가 많았습니다.
4점,2024년 8월 12일,몇 년 전만해도 그냥 들어가서 시식빵도 편히 맛보고 넘치는 빵을 원하는 만큼 골라서 편하게 사먹던 성심당인데 지금은.. 왜이리 먹기가 어려운거죠?ㅠㅠ 맛집이니 당연하다지만 뭔가 그 성심당만의 감성이 사라진것같아서 슬퍼요ㅠㅠ
5점,2023년 10월 31일,성심당은 본점을 가야 가장 맛있고 실속이 있다. 보문산 메아리는 숨겨진 메뉴에 찢어서 커피와 마시면 맛남.
4점,2023년 8월 26일,"소보로 1300원, 튀소 1700원, 큰 샌드위치류 8000원대  등등 가격은 정말 싼데 실망시키지 않는 맛이에요. 브리치즈 샌드위치가 정말 맛있어서 다시 방문해서 하나 더 사 먹었어요."
5점,2023년 11월 19일,줄 서서 들어갔는데 후회하지 않아요. 빵 종류도 많고 가격도 저렴해요. 맛있습니다.
5점,2023년 11월 2일,성심당 너무 좋아요. 빵도 언제나 맛있고 바쁜와중에도 다들 정말 친절하게 해주셔서 좋아요.
5점,2023년 11월 1일,이 가격에 이 퀄리티라면 .... 슴슴한 빵들 너무 맛있고 가격대비 최고임 ㅜ 갓심당
5점,2022년 10월 3일,"대전하면 성심당이죠!!
처음가봤는데 주말이라 사람들이 많았어요!!줄서서 차례대로 들어가서 빵을 샀답니다~
직원분들 친절하시고 빵 냄새...기가 막혀요!!!좋아요~~"
5점,2023년 5월 6일,"성심당은 뭐 맛있는거 다들 아시죠
김치찹쌀주먹밥 제발 꼭 드세요 제발
먹다말고 너무 맛있어서 사진까지 찍었어요
명란 바게트도 짭짤하니 맥주 안주로 좋습니다"
4점,2023년 6월 29일,늘 사람이 많아서 차분하게 빵을 고르기눈 조금 힘들다. 깜빠뉴는 맛있지만 올리브 치아바타는 기공이 크고 올리브향도 좋지만 쫄깃하고 퐁신한 식감이 아쉽다
4점,2022년 6월 12일,대전의 명물 성심당 사람이 바글바글 하더군요. 빵종류도 많고 품절인 빵도 꽤 보였어요. 초코튀소 맛있어요 어린이날 기념 망고거북이빵도 귀엽고 맛있었네요
2점,2018년 1월 9일,두번째 방문이다 둘다 맛이 있지 않아서 실망했다 타지역 사람으로 보았을때 광주 궁전제과가 더 맛있는것 같다 성심당 음식점이랑 케익점은 어떨지 궁금하다
5점,2023년 11월 7일,빵이 생각보다 맛있고 저렴해요 사람 너무 많아서 정신없어요
5점,2022년 9월 14일,대전 사람도 성심당 갑니다 👍🏻 가성비 좋고 늘 특색 있는 메뉴 새로 나와서 좋음 작은 메아리는 항상 꼭 사는데 넘 맛있음 최근엔 소금빵이 굿
3점,2020년 3월 1일,개인적으로는 빵이 그렇게 맛있는지는 모르겠습니다. 빵 종류는 다양했어요. 명란바게트에 명란이 더 듬뿍 있으면 좋을 것 같단 생각이 들었습니다.
5점,2020년 4월 15일,"언제가도 사람들이 많네요
전 튀김소보로빵이랑 부추빵 반반세트샀어요
오랜만에 먹었는데도 맛있다는~
2만원이상사면 튀김소보로빵 하나를 더줘요~👍"
5점,2023년 8월 28일,"평생 대전에서 살았는데 친구들 대전 놀러올때만 가는듯.. 물론 만족도는 항상 백퍼라 좋아염 ㅎ.ㅎ 
보문산메아리 순수롤 꼭 들려 보내시기"
5점,2023년 8월 24일,"손님이 굉장히 많은데 빵을 포장상태로 두지 않아서 아쉬웠음
빵은 가격대비 굉장히 훌륭함
특히 카프레제 샌드위치가 진짜 미친맛이었음"
5점,2023년 6월 2일,대전의 자랑 대전의 대들보 성심당. 유명한데 거품이 아니다. 맛도 맛이지만 가격이 진짜 착하다. 괜히 선물로 사가는게 아니네.
4점,2023년 9월 9일,한여름에 갔었는데 대기 중에 덥지 말라고 우산도 여러개 비치되어있고 줄도 잘 관리되어서 좋았어요. 착한 가격에 고급진 맛ㅎㅎ
4점,2021년 3월 16일,대전에 간김에 성심당 다녀왔는데 역시 본점이라 사람도 많고 빵도 많았습니다! 가격대믄 다양했고 빵은 생각처럼 맛있었습니다.
5점,2020년 11월 8일,튀김소보루와 고로케가 정말 맛있어요. 맛이 일정하지는 않은 것 같지만 맛있어서 대전 갈때마다 꼭 들리는 명소입니다.
5점,2023년 8월 3일,"저는 타지사람이라 포장했지만 시간 있으면 음료랑 같이 먹는것도 좋은것 같아요
성심당 .. 없이 빵을 논하지마라.."
5점,2023년 7월 27일,대전의 명물 성심당! 가격이 진짜 저렴해요 생각없이 6개를 담아도 겨우 12000원...!!! 맛도 빠지지 않아요
5점,2020년 10월 12일,인원을 제한두고 입장하게하고 입구에 소독제를 배치하는등 코로나방역을 잘하고있었고 종류도많고 빵도 전부 맛있었습니다
5점,2023년 5월 28일,"대전에서 제일 유명한 곳 
웨이팅 정말 길어서 비오는날은 비추힘
빵이 다 저렴하고 맛있다
주먹밥 명란바게트 필수"
4점,2023년 3월 2일,"대전 성심당 본점입니다
오픈시간부터 사람이 많아요
빵은 오픈시간맞춰가면 거의 없고
빵보다 샌드위치가 맛있습니다"
4점,2022년 11월 21일,성심당의 에이스는 튀소도 부추빵도 메아리도 카카오순정도 아닌 찹쌀 주먹밥인 것이다!!!!!!!!! 주먹밥 맛있음
4점,2023년 5월 29일,대전가면 무조건가야해서 다녀왔습니다 딸기 진짜 양도많고 생각보다 빵이 그렇게 비싸지않앗던거같아요 마싯엇습니다
4점,2022년 3월 2일,방문객이 매우 많아서 빵 회전률이 좋으나 뚜껑을 덮어놓지 않음. 맛이나 가격은 다른 지점과 크게 다르지 않다
4점,2023년 5월 15일,줄 짱 긴데 그렇게 오래 기다리지 않음 종류가 정말 많고 다 먹어보고싶음 맛있다. 대전 갈 이유가 생겼다.
5점,2023년 2월 2일,대전의 명물답게 사람이 정말 많고요. 커피같은 걸 꼭 들고 다니셔야 빵을 많이 드실 수 있을 것 같아요.
5점,2022년 11월 14일,빵 회전율 좋고 사람 많고 2층 테라스키친에서 먹고 갈 수 있어서 좋고! 테라스키친 자체 메뉴들도 맛나요
5점,2022년 2월 2일,"대전 성심당
갈때마다 5만원 ㅋㅋ
담다 보면 멈출수 없다
오늘도 그랬다
두말이 필요없는 우리들의 성심당"
5점,2020년 4월 1일,대전하면 떠오르는 빵집인 성심당. 로컬 맛집일 정도로 맛있고 가격도 괜찮다 웨이팅이 있을 수도 있다
5점,2019년 12월 21일,"역시 유명한 곳이라 사람들이 북적북적해요
갓나온 명란바게트 너무 맛있구요! 튀김소보루도 존맛탱!!"
5점,2023년 1월 18일,"팥, 고구마 앙금이 부드럽고 달고 맛있아요 순수마들렌도 촉촉하니 우유나 커피랑 먹으면 맛있네요!"
5점,2022년 3월 13일,"1층은 빵집 2층은 음식점이에요!
소보로가 나온지 시간이좀지나서 아쉬웟어요 바로나오면진짜맛있을듯"
4점,2018년 12월 4일,줄 진짜긴데 안쪽에 튀소사는 줄이에요. 튀소기본이 제일 맛나요ㅎㅎ 그담 고구마 고다음이 부추
5점,2023년 8월 18일,빵이 너무 아름답게 생겨서 그냥 막 담게 되어요… 근데 김치주먹밥? 이거 정말 맛있습니다
5점,2020년 12월 2일,"대전에 가면 꼭 들러야 하는 성심당
종류도 다양하고 가격도 착해요
맛도 다 평균 이상이에요"
3점,2017년 11월 19일,특이한 빵들이 많다. 맛은 평범한듯. 브랜드화에 성공을 잘한거같다. 데이트코스로 괜찮음.
5점,2021년 10월 25일,"대전가면 성심당한번가봐야죠
튀김소보로는 맛있는데 달아요
저는 사진속 소세지빵이 매우만족"
5점,2023년 5월 10일,사람 많고 빵 종류도 많아서 행복. 계산대 줄 길지만 빨리빠짐. 가격도 좋고 맛있고
5점,2023년 7월 2일,대전 하면 성심당 이죠. 대전 살 때 성심당 있어서 행복했습니다 피자 바게뜨 추천
5점,2023년 3월 20일,주말에는 가는 곳이 아닙니다.. 웨이팅 너무한데 빵은 죄가 없습니다. 맛있습니다.
4점,2022년 11월 1일,너어어무 기대를 해서 그런지 생각보다는 그저 그랬구요 가성비는 아주 좋은것 같아요
5점,2023년 5월 13일,인기빵집이라기엔 정말 너무 저렴하게 팔아서 깜짝놀랐고 맛있어서 깜짝놀랐습니당👍🏻
5점,2022년 8월 19일,대전하면 성심당이죠 말해모해 ㅎㅎ 가격도 적당하고 맛있어요. 재방문의사 있습니다
4점,2020년 5월 23일,"2층에 카페도 크고 음료도팔고 좋앗어요!
대전가면 성심당은 필수코스겟죠?ㅋㅋ"
5점,2022년 4월 1일,"빵 종류도 다양하고 회전율도 좋아요
맛있는 냄새, 비주얼, 다 좋아요~~!"
4점,2021년 2월 10일,"성심당 ,

대전 놀러갓다가 방문!
저는 그냥 쏘쏘한 빵맛이었습니당 ㅎㅎ"
5점,2024년 2월 6일,빵퀄리티에 비해 가성비 정말 좋습니당 성심당이 유명한데엔 이유가있어욥
4점,2021년 11월 13일,선물 받아 먹었습니다. 튀소랑 부추빵만 먹다 새로운거 먹으니 맛있어용
4점,2020년 1월 6일,유명한 대전 빵집으로 사람이 붐벼 줄이길다 명성에 걸맞게 빵은 맛있엄
5점,2023년 5월 1일,평일이라도 저녁에 가니 품절된 빵들 많아서 아쉬움ㅜ 소금빵 드세요
5점,2022년 8월 3일,"성심당 빙수도 맛있네요 !
특히 팥이 맛있어서 팥빙수가 맛있었어요"
4점,2020년 9월 4일,오랜만에 성심당. 튀김소보로보단 튀소구마가 달달하니 더 내 취향😋
5점,2020년 3월 1일,"주차가능하며 대전에서 유명한곳이라 방문해봤어요, 사람이 무지 많음"
5점,2023년 9월 11일,"사람많아요!
뭐먹을지 고민하다가 튀김소보로 먹었는데 맛있더라고요"
5점,2023년 5월 29일,항상 줄 많지만 빨리 회전되고 가격 맛 뭐 하나 빠지는 게 없음
4점,2021년 12월 14일,빵안에 부추가 가득하여 맛잇고 든든해요 굉장히 프레쉬한 맛이에요
4점,2021년 7월 7일,"유명한 빵들보다 숨어있는 빵들이 더 맛있다
가격 대비 맛도 훌륭"
5점,2020년 5월 29일,"직원분들 모두 친절하셨어요.
맛있는 빵들도 너무 많았어요*^^*"
5점,2023년 8월 18일,"성심당은 ..말해모해...
전부 맛있습니다. 소금빵 좋아해요"
4점,2021년 1월 31일,가격도 싸고 왕 맛있다~ 대전의 명물일만 하네요 좋았습니다.
5점,2021년 1월 3일,빵 종류 다양함 가격이 정말 저렴하고 주차 까지 가능해서 굿
5점,2018년 8월 24일,평일 낮인데도 사람들이 많더라구요. 맛있는 빵이 가득하네요.
5점,2023년 7월 20일,성심당빵 너무 맛있어서 가끔씩 사먹고 있습니당!!!!추천
5점,2022년 7월 26일,바삭바삭해서 튀김소보로 진짜 맛있어요(특히 고구마맛!!)
5점,2021년 8월 21일,대전 가는 게 즐거워지는 이유는 역시 성심당 다 맛있어요
5점,2021년 6월 23일,빵이 엄청많고 실패가 없어요! 특히 순수롤이 맛있었습니다
4점,2020년 5월 29일,본점이라서 딴곳보다 빵종류가 많아요 명란바게트가 맛있어요
5점,2023년 2월 1일,"타이밍 잘 맞춰야 여유롭게 빵 구매 가능
항상 맛있어요"
4점,2021년 8월 31일,"튀김소보가 메인 이지만 
다른빵도 맛있는 유명한 빵집~"
5점,2023년 12월 10일,대전의 명물 성심당!! 빵도 맛있지만 빙수도 참 맛있음
5점,2020년 6월 2일,"음식: 말해뭐해.. 성심당인데.. 성심당은 감동의눈물 줄줄 흘릴 맛이라거나, 너무나도 새로워 미치겠는 맛의 빵을 파는 곳은 아닙니다...(취향따라 눈물나오는 빵은 있음) 하지만 옛빵을 트렌디한 느낌과 접목시켜 새로운 맛의 빵을 종종 만들어내고요. 가격도 프렌차이즈 빵집에 밀리지 않을 정도로 저렴한 편입니다. 진정한 맛집은 동네 사람들이 가는 맛집이잖습니까.. 성심당은 그런 의미에서 진정한 맛집이라고 볼 수 있을 것 같네요.
서비스: 직원분들 항상 모두 친절합니다.
분위기: 사람이 많아요.
위생상태: 깨끗합니다.

참고로 저의 원픽은 사라다빵과 주먹밥빵... 피자도 먹어봤는데 진짜.. 옛날에 먹던 동네피자집 맛이라서.. 아 성심당은 역시구나 했습니다."
4점,2018년 6월 5일,"튀소는 맛있지만, '이 빵을 먹기 위해 꼭 찾아가야겠다' 정도는 아닙니다. 그래도 근처 갈 일이 생기면 항상 하나씩 먹는데, 사자마자 바로 먹는 것이 훨씬 맛있습니다
개인적으로는 명란 바게트가 정말 맛있었습니다. 그렇게 배고프지 않았음에도 앉은 자리에서 다 먹어버렸으니까요

사람이 굉장히 많아서 줄을 기다려야 하고 정신없다는 게 단점이지만, 빵이 종류가 많고 계속 새로운 따뜻한 맛있는 빵이 업데이트 된다는 게 좋은 것 같습니다"
4점,2018년 1월 4일,사람들이 너무 많아서 줄을 서서 빵을 골라야한다ㅠ. 빵만 사려면 분점들도 있으니까 거기에서 사자. 맛있는 빵들이 많고 시식을 꾸준히 할 수 있도록 빵을 잘라준다. 튀김소보로와 튀소구마 부추빵은 박스로 포장이 되어서 사갈 수 있다.
5점,2024년 2월 2일,"빵은 뭐 성심당이니 말해모해 당연히 맛있고, 팥빙수도 꼭 드세요. 옛날팥빙수인데 너무 맛있어요"
5점,2020년 7월 30일,"유명한 곳인만큼 크고 빵도 많고 맛있어요~
종류가 많아서 정말 좋았어요"
3점,2017년 12월 28일,"유명하지만 다시 봐도 특출난 장점은 없다. 그냥 많은 빵을 구경하고 시식하는 것?
시끄럽고 사람많고 그 와중에 종업원들은 고생한다.
가격이 엄청 메리트있는것도 아니고, 그냥 잘나가는 빵집이다."
3점,2020년 12월 8일,"대전 사람들은 성심당 안 먹어요...
전 사실 스무살 넘어서 성심당을 알았어요.
그 전까지는 그냥 은행동에 있는 빵집인줄 알았어요. 사실 맛은 잘 모르겠지만 가격이 너무 비싸요"
5점,2018년 6월 27일,대전 강 때마다 항상 대전역에서 사먹었는데 본점은 처음. 부추빵만 먹었는데 튀김소보로 먹어봤음. 개인적으로 부추빵을 좋아함. 머 명성만큼은 아니지만 먹을만 함.
5점,2018년 5월 30일,"집 근처라 생각나면 운동삼아 다녀오는데,
왠만하면 다 맛있고 가격도 프랜차이즈 빵집보다 저렴합니다. 
단, 매장이 작아 사람이 많으면 많이 붐벼요."
3점,2018년 10월 20일,"튀김소보루로 유명한 전국구빵집 언제나 사람이 많다. 빵의 종류도 많고 계속해서  출시되는 신제품도 눈에 띈다.

어쨌든 줄을 서야한다."
4점,2016년 8월 20일,"튀김 소보루, 부추빵의 경우 개인취향이 갈려서 꼭 낱개로 구입하셔서 박스 구매하시는걸 권장합니다..

성심당 빵은 튀김 소보루가 가장 유명하다고 하지만 대전에서는 튀김 소보루보다는 다른 빵들이 더 잘팔립니다
개인적으로는 블루베리생크림빵이 제일 맛있다고 생각합니다 그 외에도 입구 좌측에 진열되어있는
곡물빵,호밀,통밀빵도 풍미가 꽤 좋습니다."
4점,2022년 2월 20일,"유명한 성심당인 만큼 빵 종료가 다양하고 시그니쳐 메뉴가 많아용
튀김소보로 맛있었는데 소문만큼은 모르겠어요
부추빵은 건강한 맛이에요"
5점,2021년 6월 19일,"- 매우많은 빵 보유. 대전명물
- 대표메뉴 튀김소보루빵 추천. 너무달지않은 팥앙금과 바삭한 소보루와 튀김으로 도넛느낌까지 더한맛"
5점,2018년 7월 23일,주말 방문 시엔 줄 서서 빵을 고르고 계산해야할 정도로 붐빔. 보통 대체로 어느걸 고르던 실패가 없음.
5점,2017년 10월 30일,오 대전순례중 젤 만족도가 높음.  모든 빵자체가 퀄리티가 높다. 부추빵은 부산와서도 자꾸생각남
4점,2018년 10월 15일,"처음에 사람들이 많아서 가보았는데 맛도있고 좋더라고요
위치를 바꿔서 그런지 뷸편하긴하지만.."
3점,2018년 7월 23일,성심당에서 메인으로 나온 몇가지는 훌륭하지만 나머지는 중상의 느낌입니다 참고하시길
4점,2020년 10월 16일,가격도 저렴하고 맛있습니다. 튀김소보로나 초콜렛이 있는 빵은 매우 달아요
5점,2018년 3월 19일,"다양한 빵이 먹음직하다
소보루 정말 맛있는 곳이다!! 대전 유명 빵집!!"
4점,2023년 9월 24일,
5점,2017년 5월 1일,"성심당가서 튀김소보로, 부추빵만 사오면  1/10도 못본거!
저거 말고도 빵들 전체적으루 다맛있으니 이거보고 가시는분들은 
꼭다른것도 드세요 포장안해도 2층에서 먹을수있는건 비밀"
3점,2022년 2월 10일,별로
4점,2023년 5월 12일,
5점,2021년 2월 25일,
4점,2018년 12월 21일,
4점,2017년 12월 15일,
4점,2017년 10월 21일,
5점,2016년 8월 15일,"튀김소보로보단 부추빵이 더 괜찮은듯하고
건물이 2개의 건물을 이용 중 이기에
장 찾아가야한다."
3점,2017년 2월 14일,"튀김소보루 보다 맛있는 방이 많음.
대전사람보다 타지사람들이 더 많이 찾는 느낌이 있음"
4점,2017년 6월 9일,
4점,2017년 6월 8일,
3점,2017년 3월 23일,
5점,2017년 3월 21일,
3점,2017년 3월 1일,
4점,2017년 2월 3일,
5점,2017년 1월 31일,
5점,2017년 1월 25일,
2점,2017년 1월 12일,
4점,2016년 9월 10일,
4점,2016년 9월 4일,
5점,2016년 7월 20일,
